{
  "project_info": {
    "project_number": "554667854583",
    "project_id": "spotify-clone-subho57",
    "storage_bucket": "spotify-clone-subho57.appspot.com"
  },
  "client": [
    {
      "client_info": {
        "mobilesdk_app_id": "1:554667854583:android:544ff4eaa3c91f2a60e1f2",
        "android_client_info": {
          "package_name": "com.github.subho57.spotifyclone"
        }
      },
      "oauth_client": [
        {
          "client_id": "554667854583-sasv0fg6p7ht9p4b2vp370r13d2f03mc.apps.googleusercontent.com",
          "client_type": 3
        }
      ],
      "api_key": [
        {
          "current_key": "AIzaSyAsY1BsrmYyDB3KoPPq5ZPYQ7Nr_UPSrXk"
        }
      ],
      "services": {
        "appinvite_service": {
          "other_platform_oauth_client": [
            {
              "client_id": "554667854583-sasv0fg6p7ht9p4b2vp370r13d2f03mc.apps.googleusercontent.com",
              "client_type": 3
            }
          ]
        }
      }
    }
  ],
  "configuration_version": "1"
}