{
    "tracks" : {
      "href" : "https://api.spotify.com/v1/search?query=Maroon&type=track&market=US&offset=0&limit=20",
      "items" : [ {
        "album" : {
          "album_type" : "album",
          "artists" : [ {
            "external_urls" : {
              "spotify" : "https://open.spotify.com/artist/04gDigrS5kc9YWfZHwBETP"
            },
            "href" : "https://api.spotify.com/v1/artists/04gDigrS5kc9YWfZHwBETP",
            "id" : "04gDigrS5kc9YWfZHwBETP",
            "name" : "Maroon 5",
            "type" : "artist",
            "uri" : "spotify:artist:04gDigrS5kc9YWfZHwBETP"
          } ],
          "available_markets" : [ "AD", "AR", "AT", "AU", "BE", "BG", "BO", "BR", "CA", "CH", "CL", "CO", "CR", "CY", "CZ", "DE", "DK", "DO", "EC", "EE", "ES", "FI", "FR", "GB", "GR", "GT", "HK", "HN", "HU", "ID", "IE", "IS", "IT", "JP", "LI", "LT", "LU", "LV", "MC", "MT", "MX", "MY", "NI", "NL", "NO", "NZ", "PA", "PE", "PH", "PL", "PT", "PY", "SE", "SG", "SK", "SV", "TH", "TR", "TW", "US", "UY", "VN" ],
          "external_urls" : {
            "spotify" : "https://open.spotify.com/album/1qvLKCq4Xh355Fq0VswCpH"
          },
          "href" : "https://api.spotify.com/v1/albums/1qvLKCq4Xh355Fq0VswCpH",
          "id" : "1qvLKCq4Xh355Fq0VswCpH",
          "images" : [ {
            "height" : 640,
            "url" : "https://i.scdn.co/image/c1708df58f3517698fbd3984e8f88722fdfcf8e3",
            "width" : 640
          }, {
            "height" : 300,
            "url" : "https://i.scdn.co/image/5999f26ecb81948babf8a9e5b9a905ff10622945",
            "width" : 300
          }, {
            "height" : 64,
            "url" : "https://i.scdn.co/image/ef81c0753690ea5ff192ff964b66848866f363fa",
            "width" : 64
          } ],
          "name" : "Red Pill Blues (Deluxe)",
          "type" : "album",
          "uri" : "spotify:album:1qvLKCq4Xh355Fq0VswCpH"
        },
        "artists" : [ {
          "external_urls" : {
            "spotify" : "https://open.spotify.com/artist/04gDigrS5kc9YWfZHwBETP"
          },
          "href" : "https://api.spotify.com/v1/artists/04gDigrS5kc9YWfZHwBETP",
          "id" : "04gDigrS5kc9YWfZHwBETP",
          "name" : "Maroon 5",
          "type" : "artist",
          "uri" : "spotify:artist:04gDigrS5kc9YWfZHwBETP"
        }, {
          "external_urls" : {
            "spotify" : "https://open.spotify.com/artist/7tYKF4w9nC0nq9CsPZTHyP"
          },
          "href" : "https://api.spotify.com/v1/artists/7tYKF4w9nC0nq9CsPZTHyP",
          "id" : "7tYKF4w9nC0nq9CsPZTHyP",
          "name" : "SZA",
          "type" : "artist",
          "uri" : "spotify:artist:7tYKF4w9nC0nq9CsPZTHyP"
        } ],
        "available_markets" : [ "AD", "AR", "AT", "AU", "BE", "BG", "BO", "BR", "CA", "CH", "CL", "CO", "CR", "CY", "CZ", "DE", "DK", "DO", "EC", "EE", "ES", "FI", "FR", "GB", "GR", "GT", "HK", "HN", "HU", "ID", "IE", "IS", "IT", "JP", "LI", "LT", "LU", "LV", "MC", "MT", "MX", "MY", "NI", "NL", "NO", "NZ", "PA", "PE", "PH", "PL", "PT", "PY", "SE", "SG", "SK", "SV", "TH", "TR", "TW", "US", "UY", "VN" ],
        "disc_number" : 1,
        "duration_ms" : 199849,
        "explicit" : false,
        "external_ids" : {
          "isrc" : "USUM71709292"
        },
        "external_urls" : {
          "spotify" : "https://open.spotify.com/track/4nYsmWkuTaowTMy4gskmBw"
        },
        "href" : "https://api.spotify.com/v1/tracks/4nYsmWkuTaowTMy4gskmBw",
        "id" : "4nYsmWkuTaowTMy4gskmBw",
        "name" : "What Lovers Do (feat. SZA)",
        "popularity" : 87,
        "preview_url" : null,
        "track_number" : 2,
        "type" : "track",
        "uri" : "spotify:track:4nYsmWkuTaowTMy4gskmBw"
      }, {
        "album" : {
          "album_type" : "album",
          "artists" : [ {
            "external_urls" : {
              "spotify" : "https://open.spotify.com/artist/04gDigrS5kc9YWfZHwBETP"
            },
            "href" : "https://api.spotify.com/v1/artists/04gDigrS5kc9YWfZHwBETP",
            "id" : "04gDigrS5kc9YWfZHwBETP",
            "name" : "Maroon 5",
            "type" : "artist",
            "uri" : "spotify:artist:04gDigrS5kc9YWfZHwBETP"
          } ],
          "available_markets" : [ "AD", "AR", "AT", "AU", "BE", "BG", "BO", "BR", "CA", "CH", "CL", "CO", "CR", "CY", "CZ", "DE", "DK", "DO", "EC", "EE", "ES", "FI", "FR", "GB", "GR", "GT", "HK", "HN", "HU", "ID", "IE", "IS", "IT", "JP", "LI", "LT", "LU", "LV", "MC", "MT", "MX", "MY", "NI", "NL", "NO", "NZ", "PA", "PE", "PH", "PL", "PT", "PY", "SE", "SG", "SK", "SV", "TH", "TR", "TW", "US", "UY", "VN" ],
          "external_urls" : {
            "spotify" : "https://open.spotify.com/album/1qvLKCq4Xh355Fq0VswCpH"
          },
          "href" : "https://api.spotify.com/v1/albums/1qvLKCq4Xh355Fq0VswCpH",
          "id" : "1qvLKCq4Xh355Fq0VswCpH",
          "images" : [ {
            "height" : 640,
            "url" : "https://i.scdn.co/image/c1708df58f3517698fbd3984e8f88722fdfcf8e3",
            "width" : 640
          }, {
            "height" : 300,
            "url" : "https://i.scdn.co/image/5999f26ecb81948babf8a9e5b9a905ff10622945",
            "width" : 300
          }, {
            "height" : 64,
            "url" : "https://i.scdn.co/image/ef81c0753690ea5ff192ff964b66848866f363fa",
            "width" : 64
          } ],
          "name" : "Red Pill Blues (Deluxe)",
          "type" : "album",
          "uri" : "spotify:album:1qvLKCq4Xh355Fq0VswCpH"
        },
        "artists" : [ {
          "external_urls" : {
            "spotify" : "https://open.spotify.com/artist/04gDigrS5kc9YWfZHwBETP"
          },
          "href" : "https://api.spotify.com/v1/artists/04gDigrS5kc9YWfZHwBETP",
          "id" : "04gDigrS5kc9YWfZHwBETP",
          "name" : "Maroon 5",
          "type" : "artist",
          "uri" : "spotify:artist:04gDigrS5kc9YWfZHwBETP"
        } ],
        "available_markets" : [ "AD", "AR", "AT", "AU", "BE", "BG", "BO", "BR", "CA", "CH", "CL", "CO", "CR", "CY", "CZ", "DE", "DK", "DO", "EC", "EE", "ES", "FI", "FR", "GB", "GR", "GT", "HK", "HN", "HU", "ID", "IE", "IS", "IT", "JP", "LI", "LT", "LU", "LV", "MC", "MT", "MX", "MY", "NI", "NL", "NO", "NZ", "PA", "PE", "PH", "PL", "PT", "PY", "SE", "SG", "SK", "SV", "TH", "TR", "TW", "US", "UY", "VN" ],
        "disc_number" : 1,
        "duration_ms" : 190642,
        "explicit" : false,
        "external_ids" : {
          "isrc" : "USUM71710370"
        },
        "external_urls" : {
          "spotify" : "https://open.spotify.com/track/4lUnFLtn8w3W76FiYDRzmO"
        },
        "href" : "https://api.spotify.com/v1/tracks/4lUnFLtn8w3W76FiYDRzmO",
        "id" : "4lUnFLtn8w3W76FiYDRzmO",
        "name" : "Wait",
        "popularity" : 82,
        "preview_url" : null,
        "track_number" : 3,
        "type" : "track",
        "uri" : "spotify:track:4lUnFLtn8w3W76FiYDRzmO"
      }, {
        "album" : {
          "album_type" : "album",
          "artists" : [ {
            "external_urls" : {
              "spotify" : "https://open.spotify.com/artist/04gDigrS5kc9YWfZHwBETP"
            },
            "href" : "https://api.spotify.com/v1/artists/04gDigrS5kc9YWfZHwBETP",
            "id" : "04gDigrS5kc9YWfZHwBETP",
            "name" : "Maroon 5",
            "type" : "artist",
            "uri" : "spotify:artist:04gDigrS5kc9YWfZHwBETP"
          } ],
          "available_markets" : [ "AD", "AR", "AT", "AU", "BE", "BG", "BO", "BR", "CA", "CH", "CL", "CO", "CR", "CY", "CZ", "DE", "DK", "DO", "EC", "EE", "ES", "FI", "FR", "GB", "GR", "GT", "HK", "HN", "HU", "ID", "IE", "IS", "IT", "JP", "LI", "LT", "LU", "LV", "MC", "MT", "MX", "MY", "NI", "NL", "NO", "NZ", "PA", "PE", "PH", "PL", "PT", "PY", "SE", "SG", "SK", "SV", "TH", "TR", "TW", "US", "UY", "VN" ],
          "external_urls" : {
            "spotify" : "https://open.spotify.com/album/1qvLKCq4Xh355Fq0VswCpH"
          },
          "href" : "https://api.spotify.com/v1/albums/1qvLKCq4Xh355Fq0VswCpH",
          "id" : "1qvLKCq4Xh355Fq0VswCpH",
          "images" : [ {
            "height" : 640,
            "url" : "https://i.scdn.co/image/c1708df58f3517698fbd3984e8f88722fdfcf8e3",
            "width" : 640
          }, {
            "height" : 300,
            "url" : "https://i.scdn.co/image/5999f26ecb81948babf8a9e5b9a905ff10622945",
            "width" : 300
          }, {
            "height" : 64,
            "url" : "https://i.scdn.co/image/ef81c0753690ea5ff192ff964b66848866f363fa",
            "width" : 64
          } ],
          "name" : "Red Pill Blues (Deluxe)",
          "type" : "album",
          "uri" : "spotify:album:1qvLKCq4Xh355Fq0VswCpH"
        },
        "artists" : [ {
          "external_urls" : {
            "spotify" : "https://open.spotify.com/artist/04gDigrS5kc9YWfZHwBETP"
          },
          "href" : "https://api.spotify.com/v1/artists/04gDigrS5kc9YWfZHwBETP",
          "id" : "04gDigrS5kc9YWfZHwBETP",
          "name" : "Maroon 5",
          "type" : "artist",
          "uri" : "spotify:artist:04gDigrS5kc9YWfZHwBETP"
        }, {
          "external_urls" : {
            "spotify" : "https://open.spotify.com/artist/6TiNbcfVoO3SppeLYJbnSr"
          },
          "href" : "https://api.spotify.com/v1/artists/6TiNbcfVoO3SppeLYJbnSr",
          "id" : "6TiNbcfVoO3SppeLYJbnSr",
          "name" : "Future",
          "type" : "artist",
          "uri" : "spotify:artist:6TiNbcfVoO3SppeLYJbnSr"
        } ],
        "available_markets" : [ "AD", "AR", "AT", "AU", "BE", "BG", "BO", "BR", "CA", "CH", "CL", "CO", "CR", "CY", "CZ", "DE", "DK", "DO", "EC", "EE", "ES", "FI", "FR", "GB", "GR", "GT", "HK", "HN", "HU", "ID", "IE", "IS", "IT", "JP", "LI", "LT", "LU", "LV", "MC", "MT", "MX", "MY", "NI", "NL", "NO", "NZ", "PA", "PE", "PH", "PL", "PT", "PY", "SE", "SG", "SK", "SV", "TH", "TR", "TW", "US", "UY", "VN" ],
        "disc_number" : 1,
        "duration_ms" : 234308,
        "explicit" : true,
        "external_ids" : {
          "isrc" : "USUM71616357"
        },
        "external_urls" : {
          "spotify" : "https://open.spotify.com/track/50QWA5PR501dIe2KkJkHRR"
        },
        "href" : "https://api.spotify.com/v1/tracks/50QWA5PR501dIe2KkJkHRR",
        "id" : "50QWA5PR501dIe2KkJkHRR",
        "name" : "Cold (feat. Future)",
        "popularity" : 73,
        "preview_url" : null,
        "track_number" : 15,
        "type" : "track",
        "uri" : "spotify:track:50QWA5PR501dIe2KkJkHRR"
      }, {
        "album" : {
          "album_type" : "album",
          "artists" : [ {
            "external_urls" : {
              "spotify" : "https://open.spotify.com/artist/04gDigrS5kc9YWfZHwBETP"
            },
            "href" : "https://api.spotify.com/v1/artists/04gDigrS5kc9YWfZHwBETP",
            "id" : "04gDigrS5kc9YWfZHwBETP",
            "name" : "Maroon 5",
            "type" : "artist",
            "uri" : "spotify:artist:04gDigrS5kc9YWfZHwBETP"
          } ],
          "available_markets" : [ "AD", "AR", "AT", "AU", "BE", "BG", "BO", "BR", "CA", "CH", "CL", "CO", "CR", "CY", "CZ", "DE", "DK", "DO", "EC", "EE", "ES", "FI", "FR", "GB", "GR", "GT", "HK", "HN", "HU", "ID", "IE", "IS", "IT", "JP", "LI", "LT", "LU", "LV", "MC", "MT", "MX", "MY", "NI", "NL", "NO", "NZ", "PA", "PE", "PH", "PL", "PT", "PY", "SE", "SG", "SK", "SV", "TH", "TR", "TW", "US", "UY", "VN" ],
          "external_urls" : {
            "spotify" : "https://open.spotify.com/album/2Auw0pTT6EcQdvHNimhLQI"
          },
          "href" : "https://api.spotify.com/v1/albums/2Auw0pTT6EcQdvHNimhLQI",
          "id" : "2Auw0pTT6EcQdvHNimhLQI",
          "images" : [ {
            "height" : 640,
            "url" : "https://i.scdn.co/image/4c23a82f33b034795a0fbc67af559420c8cb4928",
            "width" : 640
          }, {
            "height" : 300,
            "url" : "https://i.scdn.co/image/44b0e6423240ed25f36f351ae043f68bb2ca3446",
            "width" : 300
          }, {
            "height" : 64,
            "url" : "https://i.scdn.co/image/2e8ff05c6f96006130bbc64ef0b42b402252ace8",
            "width" : 64
          } ],
          "name" : "V",
          "type" : "album",
          "uri" : "spotify:album:2Auw0pTT6EcQdvHNimhLQI"
        },
        "artists" : [ {
          "external_urls" : {
            "spotify" : "https://open.spotify.com/artist/04gDigrS5kc9YWfZHwBETP"
          },
          "href" : "https://api.spotify.com/v1/artists/04gDigrS5kc9YWfZHwBETP",
          "id" : "04gDigrS5kc9YWfZHwBETP",
          "name" : "Maroon 5",
          "type" : "artist",
          "uri" : "spotify:artist:04gDigrS5kc9YWfZHwBETP"
        } ],
        "available_markets" : [ "AD", "AR", "AT", "AU", "BE", "BG", "BO", "BR", "CA", "CH", "CL", "CO", "CR", "CY", "CZ", "DE", "DK", "DO", "EC", "EE", "ES", "FI", "FR", "GB", "GR", "GT", "HK", "HN", "HU", "ID", "IE", "IS", "IT", "JP", "LI", "LT", "LU", "LV", "MC", "MT", "MX", "MY", "NI", "NL", "NO", "NZ", "PA", "PE", "PH", "PL", "PT", "PY", "SE", "SG", "SK", "SV", "TH", "TR", "TW", "US", "UY", "VN" ],
        "disc_number" : 1,
        "duration_ms" : 235492,
        "explicit" : true,
        "external_ids" : {
          "isrc" : "USUM71410340"
        },
        "external_urls" : {
          "spotify" : "https://open.spotify.com/track/2iuZJX9X9P0GKaE93xcPjk"
        },
        "href" : "https://api.spotify.com/v1/tracks/2iuZJX9X9P0GKaE93xcPjk",
        "id" : "2iuZJX9X9P0GKaE93xcPjk",
        "name" : "Sugar",
        "popularity" : 73,
        "preview_url" : null,
        "track_number" : 5,
        "type" : "track",
        "uri" : "spotify:track:2iuZJX9X9P0GKaE93xcPjk"
      }, {
        "album" : {
          "album_type" : "album",
          "artists" : [ {
            "external_urls" : {
              "spotify" : "https://open.spotify.com/artist/04gDigrS5kc9YWfZHwBETP"
            },
            "href" : "https://api.spotify.com/v1/artists/04gDigrS5kc9YWfZHwBETP",
            "id" : "04gDigrS5kc9YWfZHwBETP",
            "name" : "Maroon 5",
            "type" : "artist",
            "uri" : "spotify:artist:04gDigrS5kc9YWfZHwBETP"
          } ],
          "available_markets" : [ "AD", "AR", "AT", "AU", "BE", "BG", "BO", "BR", "CA", "CH", "CL", "CO", "CR", "CY", "CZ", "DE", "DK", "DO", "EC", "EE", "ES", "FI", "FR", "GB", "GR", "GT", "HK", "HN", "HU", "ID", "IE", "IS", "IT", "JP", "LI", "LT", "LU", "LV", "MC", "MT", "MX", "MY", "NI", "NL", "NO", "NZ", "PA", "PE", "PH", "PL", "PT", "PY", "SE", "SG", "SK", "SV", "TH", "TR", "TW", "US", "UY", "VN" ],
          "external_urls" : {
            "spotify" : "https://open.spotify.com/album/1qvLKCq4Xh355Fq0VswCpH"
          },
          "href" : "https://api.spotify.com/v1/albums/1qvLKCq4Xh355Fq0VswCpH",
          "id" : "1qvLKCq4Xh355Fq0VswCpH",
          "images" : [ {
            "height" : 640,
            "url" : "https://i.scdn.co/image/c1708df58f3517698fbd3984e8f88722fdfcf8e3",
            "width" : 640
          }, {
            "height" : 300,
            "url" : "https://i.scdn.co/image/5999f26ecb81948babf8a9e5b9a905ff10622945",
            "width" : 300
          }, {
            "height" : 64,
            "url" : "https://i.scdn.co/image/ef81c0753690ea5ff192ff964b66848866f363fa",
            "width" : 64
          } ],
          "name" : "Red Pill Blues (Deluxe)",
          "type" : "album",
          "uri" : "spotify:album:1qvLKCq4Xh355Fq0VswCpH"
        },
        "artists" : [ {
          "external_urls" : {
            "spotify" : "https://open.spotify.com/artist/04gDigrS5kc9YWfZHwBETP"
          },
          "href" : "https://api.spotify.com/v1/artists/04gDigrS5kc9YWfZHwBETP",
          "id" : "04gDigrS5kc9YWfZHwBETP",
          "name" : "Maroon 5",
          "type" : "artist",
          "uri" : "spotify:artist:04gDigrS5kc9YWfZHwBETP"
        }, {
          "external_urls" : {
            "spotify" : "https://open.spotify.com/artist/2YZyLoL8N0Wb9xBt1NhZWg"
          },
          "href" : "https://api.spotify.com/v1/artists/2YZyLoL8N0Wb9xBt1NhZWg",
          "id" : "2YZyLoL8N0Wb9xBt1NhZWg",
          "name" : "Kendrick Lamar",
          "type" : "artist",
          "uri" : "spotify:artist:2YZyLoL8N0Wb9xBt1NhZWg"
        } ],
        "available_markets" : [ "AD", "AR", "AT", "AU", "BE", "BG", "BO", "BR", "CA", "CH", "CL", "CO", "CR", "CY", "CZ", "DE", "DK", "DO", "EC", "EE", "ES", "FI", "FR", "GB", "GR", "GT", "HK", "HN", "HU", "ID", "IE", "IS", "IT", "JP", "LI", "LT", "LU", "LV", "MC", "MT", "MX", "MY", "NI", "NL", "NO", "NZ", "PA", "PE", "PH", "PL", "PT", "PY", "SE", "SG", "SK", "SV", "TH", "TR", "TW", "US", "UY", "VN" ],
        "disc_number" : 1,
        "duration_ms" : 214265,
        "explicit" : false,
        "external_ids" : {
          "isrc" : "USUM71609975"
        },
        "external_urls" : {
          "spotify" : "https://open.spotify.com/track/3PGdPUMdUg7a3Tgr5gkfKK"
        },
        "href" : "https://api.spotify.com/v1/tracks/3PGdPUMdUg7a3Tgr5gkfKK",
        "id" : "3PGdPUMdUg7a3Tgr5gkfKK",
        "name" : "Don't Wanna Know (feat. Kendrick Lamar)",
        "popularity" : 74,
        "preview_url" : null,
        "track_number" : 14,
        "type" : "track",
        "uri" : "spotify:track:3PGdPUMdUg7a3Tgr5gkfKK"
      }, {
        "album" : {
          "album_type" : "album",
          "artists" : [ {
            "external_urls" : {
              "spotify" : "https://open.spotify.com/artist/04gDigrS5kc9YWfZHwBETP"
            },
            "href" : "https://api.spotify.com/v1/artists/04gDigrS5kc9YWfZHwBETP",
            "id" : "04gDigrS5kc9YWfZHwBETP",
            "name" : "Maroon 5",
            "type" : "artist",
            "uri" : "spotify:artist:04gDigrS5kc9YWfZHwBETP"
          } ],
          "available_markets" : [ "AD", "AR", "AT", "AU", "BE", "BG", "BO", "BR", "CA", "CH", "CL", "CO", "CR", "CY", "CZ", "DE", "DK", "DO", "EC", "EE", "ES", "FI", "FR", "GB", "GR", "GT", "HK", "HN", "HU", "ID", "IE", "IS", "IT", "JP", "LI", "LT", "LU", "LV", "MC", "MT", "MX", "MY", "NI", "NL", "NO", "NZ", "PA", "PE", "PH", "PL", "PT", "PY", "SE", "SG", "SK", "SV", "TH", "TR", "TW", "US", "UY", "VN" ],
          "external_urls" : {
            "spotify" : "https://open.spotify.com/album/2Auw0pTT6EcQdvHNimhLQI"
          },
          "href" : "https://api.spotify.com/v1/albums/2Auw0pTT6EcQdvHNimhLQI",
          "id" : "2Auw0pTT6EcQdvHNimhLQI",
          "images" : [ {
            "height" : 640,
            "url" : "https://i.scdn.co/image/4c23a82f33b034795a0fbc67af559420c8cb4928",
            "width" : 640
          }, {
            "height" : 300,
            "url" : "https://i.scdn.co/image/44b0e6423240ed25f36f351ae043f68bb2ca3446",
            "width" : 300
          }, {
            "height" : 64,
            "url" : "https://i.scdn.co/image/2e8ff05c6f96006130bbc64ef0b42b402252ace8",
            "width" : 64
          } ],
          "name" : "V",
          "type" : "album",
          "uri" : "spotify:album:2Auw0pTT6EcQdvHNimhLQI"
        },
        "artists" : [ {
          "external_urls" : {
            "spotify" : "https://open.spotify.com/artist/04gDigrS5kc9YWfZHwBETP"
          },
          "href" : "https://api.spotify.com/v1/artists/04gDigrS5kc9YWfZHwBETP",
          "id" : "04gDigrS5kc9YWfZHwBETP",
          "name" : "Maroon 5",
          "type" : "artist",
          "uri" : "spotify:artist:04gDigrS5kc9YWfZHwBETP"
        } ],
        "available_markets" : [ "AD", "AR", "AT", "AU", "BE", "BG", "BO", "BR", "CA", "CH", "CL", "CO", "CR", "CY", "CZ", "DE", "DK", "DO", "EC", "EE", "ES", "FI", "FR", "GB", "GR", "GT", "HK", "HN", "HU", "ID", "IE", "IS", "IT", "JP", "LI", "LT", "LU", "LV", "MC", "MT", "MX", "MY", "NI", "NL", "NO", "NZ", "PA", "PE", "PH", "PL", "PT", "PY", "SE", "SG", "SK", "SV", "TH", "TR", "TW", "US", "UY", "VN" ],
        "disc_number" : 1,
        "duration_ms" : 189959,
        "explicit" : false,
        "external_ids" : {
          "isrc" : "USUM71407116"
        },
        "external_urls" : {
          "spotify" : "https://open.spotify.com/track/4gbVRS8gloEluzf0GzDOFc"
        },
        "href" : "https://api.spotify.com/v1/tracks/4gbVRS8gloEluzf0GzDOFc",
        "id" : "4gbVRS8gloEluzf0GzDOFc",
        "name" : "Maps",
        "popularity" : 69,
        "preview_url" : null,
        "track_number" : 1,
        "type" : "track",
        "uri" : "spotify:track:4gbVRS8gloEluzf0GzDOFc"
      }, {
        "album" : {
          "album_type" : "album",
          "artists" : [ {
            "external_urls" : {
              "spotify" : "https://open.spotify.com/artist/04gDigrS5kc9YWfZHwBETP"
            },
            "href" : "https://api.spotify.com/v1/artists/04gDigrS5kc9YWfZHwBETP",
            "id" : "04gDigrS5kc9YWfZHwBETP",
            "name" : "Maroon 5",
            "type" : "artist",
            "uri" : "spotify:artist:04gDigrS5kc9YWfZHwBETP"
          } ],
          "available_markets" : [ "AD", "AR", "AT", "AU", "BE", "BG", "BO", "BR", "CA", "CH", "CL", "CO", "CR", "CY", "CZ", "DE", "DK", "DO", "EC", "EE", "ES", "FI", "FR", "GB", "GR", "GT", "HK", "HN", "HU", "ID", "IE", "IS", "IT", "JP", "LI", "LT", "LU", "LV", "MC", "MT", "MX", "MY", "NI", "NL", "NO", "NZ", "PA", "PE", "PH", "PL", "PT", "PY", "SE", "SG", "SK", "SV", "TH", "TR", "TW", "US", "UY", "VN" ],
          "external_urls" : {
            "spotify" : "https://open.spotify.com/album/1Rv9WRKyYhFaGbuYDaQunN"
          },
          "href" : "https://api.spotify.com/v1/albums/1Rv9WRKyYhFaGbuYDaQunN",
          "id" : "1Rv9WRKyYhFaGbuYDaQunN",
          "images" : [ {
            "height" : 640,
            "url" : "https://i.scdn.co/image/18af1d5d4fb16668b059746b7eabadab97169e2e",
            "width" : 640
          }, {
            "height" : 300,
            "url" : "https://i.scdn.co/image/893e7f4b990c8db6e5ce0a8a35678f475d8c420c",
            "width" : 300
          }, {
            "height" : 64,
            "url" : "https://i.scdn.co/image/aa47664ba6905ea51ee79fd9e34f0f339ec3efaf",
            "width" : 64
          } ],
          "name" : "Songs About Jane",
          "type" : "album",
          "uri" : "spotify:album:1Rv9WRKyYhFaGbuYDaQunN"
        },
        "artists" : [ {
          "external_urls" : {
            "spotify" : "https://open.spotify.com/artist/04gDigrS5kc9YWfZHwBETP"
          },
          "href" : "https://api.spotify.com/v1/artists/04gDigrS5kc9YWfZHwBETP",
          "id" : "04gDigrS5kc9YWfZHwBETP",
          "name" : "Maroon 5",
          "type" : "artist",
          "uri" : "spotify:artist:04gDigrS5kc9YWfZHwBETP"
        } ],
        "available_markets" : [ "AD", "AR", "AT", "AU", "BE", "BG", "BO", "BR", "CA", "CH", "CL", "CO", "CR", "CY", "CZ", "DE", "DK", "DO", "EC", "EE", "ES", "FI", "FR", "GB", "GR", "GT", "HK", "HN", "HU", "ID", "IE", "IS", "IT", "JP", "LI", "LT", "LU", "LV", "MC", "MT", "MX", "MY", "NI", "NL", "NO", "NZ", "PA", "PE", "PH", "PL", "PT", "PY", "SE", "SG", "SK", "SV", "TH", "TR", "TW", "US", "UY", "VN" ],
        "disc_number" : 1,
        "duration_ms" : 257133,
        "explicit" : false,
        "external_ids" : {
          "isrc" : "USJAY0300082"
        },
        "external_urls" : {
          "spotify" : "https://open.spotify.com/track/7sapKrjDij2fpDVj0GxP66"
        },
        "href" : "https://api.spotify.com/v1/tracks/7sapKrjDij2fpDVj0GxP66",
        "id" : "7sapKrjDij2fpDVj0GxP66",
        "name" : "She Will Be Loved",
        "popularity" : 69,
        "preview_url" : null,
        "track_number" : 4,
        "type" : "track",
        "uri" : "spotify:track:7sapKrjDij2fpDVj0GxP66"
      }, {
        "album" : {
          "album_type" : "album",
          "artists" : [ {
            "external_urls" : {
              "spotify" : "https://open.spotify.com/artist/04gDigrS5kc9YWfZHwBETP"
            },
            "href" : "https://api.spotify.com/v1/artists/04gDigrS5kc9YWfZHwBETP",
            "id" : "04gDigrS5kc9YWfZHwBETP",
            "name" : "Maroon 5",
            "type" : "artist",
            "uri" : "spotify:artist:04gDigrS5kc9YWfZHwBETP"
          } ],
          "available_markets" : [ "AD", "AR", "AT", "AU", "BE", "BG", "BO", "BR", "CA", "CH", "CL", "CO", "CR", "CY", "CZ", "DE", "DK", "DO", "EC", "EE", "ES", "FI", "FR", "GB", "GR", "GT", "HK", "HN", "HU", "ID", "IE", "IS", "IT", "JP", "LI", "LT", "LU", "LV", "MC", "MT", "MX", "MY", "NI", "NL", "NO", "NZ", "PA", "PE", "PH", "PL", "PT", "PY", "SE", "SG", "SK", "SV", "TH", "TR", "TW", "US", "UY", "VN" ],
          "external_urls" : {
            "spotify" : "https://open.spotify.com/album/1qvLKCq4Xh355Fq0VswCpH"
          },
          "href" : "https://api.spotify.com/v1/albums/1qvLKCq4Xh355Fq0VswCpH",
          "id" : "1qvLKCq4Xh355Fq0VswCpH",
          "images" : [ {
            "height" : 640,
            "url" : "https://i.scdn.co/image/c1708df58f3517698fbd3984e8f88722fdfcf8e3",
            "width" : 640
          }, {
            "height" : 300,
            "url" : "https://i.scdn.co/image/5999f26ecb81948babf8a9e5b9a905ff10622945",
            "width" : 300
          }, {
            "height" : 64,
            "url" : "https://i.scdn.co/image/ef81c0753690ea5ff192ff964b66848866f363fa",
            "width" : 64
          } ],
          "name" : "Red Pill Blues (Deluxe)",
          "type" : "album",
          "uri" : "spotify:album:1qvLKCq4Xh355Fq0VswCpH"
        },
        "artists" : [ {
          "external_urls" : {
            "spotify" : "https://open.spotify.com/artist/04gDigrS5kc9YWfZHwBETP"
          },
          "href" : "https://api.spotify.com/v1/artists/04gDigrS5kc9YWfZHwBETP",
          "id" : "04gDigrS5kc9YWfZHwBETP",
          "name" : "Maroon 5",
          "type" : "artist",
          "uri" : "spotify:artist:04gDigrS5kc9YWfZHwBETP"
        }, {
          "external_urls" : {
            "spotify" : "https://open.spotify.com/artist/0ZED1XzwlLHW4ZaG4lOT6m"
          },
          "href" : "https://api.spotify.com/v1/artists/0ZED1XzwlLHW4ZaG4lOT6m",
          "id" : "0ZED1XzwlLHW4ZaG4lOT6m",
          "name" : "Julia Michaels",
          "type" : "artist",
          "uri" : "spotify:artist:0ZED1XzwlLHW4ZaG4lOT6m"
        } ],
        "available_markets" : [ "AD", "AR", "AT", "AU", "BE", "BG", "BO", "BR", "CA", "CH", "CL", "CO", "CR", "CY", "CZ", "DE", "DK", "DO", "EC", "EE", "ES", "FI", "FR", "GB", "GR", "GT", "HK", "HN", "HU", "ID", "IE", "IS", "IT", "JP", "LI", "LT", "LU", "LV", "MC", "MT", "MX", "MY", "NI", "NL", "NO", "NZ", "PA", "PE", "PH", "PL", "PT", "PY", "SE", "SG", "SK", "SV", "TH", "TR", "TW", "US", "UY", "VN" ],
        "disc_number" : 1,
        "duration_ms" : 193603,
        "explicit" : false,
        "external_ids" : {
          "isrc" : "USUM71710606"
        },
        "external_urls" : {
          "spotify" : "https://open.spotify.com/track/0rGCh6Ghy785e9wmjwNv4S"
        },
        "href" : "https://api.spotify.com/v1/tracks/0rGCh6Ghy785e9wmjwNv4S",
        "id" : "0rGCh6Ghy785e9wmjwNv4S",
        "name" : "Help Me Out (with Julia Michaels)",
        "popularity" : 69,
        "preview_url" : null,
        "track_number" : 6,
        "type" : "track",
        "uri" : "spotify:track:0rGCh6Ghy785e9wmjwNv4S"
      }, {
        "album" : {
          "album_type" : "album",
          "artists" : [ {
            "external_urls" : {
              "spotify" : "https://open.spotify.com/artist/04gDigrS5kc9YWfZHwBETP"
            },
            "href" : "https://api.spotify.com/v1/artists/04gDigrS5kc9YWfZHwBETP",
            "id" : "04gDigrS5kc9YWfZHwBETP",
            "name" : "Maroon 5",
            "type" : "artist",
            "uri" : "spotify:artist:04gDigrS5kc9YWfZHwBETP"
          } ],
          "available_markets" : [ "AD", "AR", "AT", "AU", "BE", "BG", "BO", "BR", "CA", "CH", "CL", "CO", "CR", "CY", "CZ", "DE", "DK", "DO", "EC", "EE", "ES", "FI", "FR", "GB", "GR", "GT", "HK", "HN", "HU", "ID", "IE", "IS", "IT", "JP", "LI", "LT", "LU", "LV", "MC", "MT", "MX", "MY", "NI", "NL", "NO", "NZ", "PA", "PE", "PH", "PL", "PT", "PY", "SE", "SG", "SK", "SV", "TH", "TR", "TW", "US", "UY", "VN" ],
          "external_urls" : {
            "spotify" : "https://open.spotify.com/album/5zClcGCSWj926AMjvBNSLc"
          },
          "href" : "https://api.spotify.com/v1/albums/5zClcGCSWj926AMjvBNSLc",
          "id" : "5zClcGCSWj926AMjvBNSLc",
          "images" : [ {
            "height" : 640,
            "url" : "https://i.scdn.co/image/a55912da6dd0f63a6b506b70510a83999353730e",
            "width" : 640
          }, {
            "height" : 300,
            "url" : "https://i.scdn.co/image/e1c9f0ef5f1f7307096ac5e876778b2588e36f4a",
            "width" : 300
          }, {
            "height" : 64,
            "url" : "https://i.scdn.co/image/6ecbb6e0db1a5093bc58169b87beb19d2947ebdd",
            "width" : 64
          } ],
          "name" : "Songs About Jane: 10th Anniversary Edition",
          "type" : "album",
          "uri" : "spotify:album:5zClcGCSWj926AMjvBNSLc"
        },
        "artists" : [ {
          "external_urls" : {
            "spotify" : "https://open.spotify.com/artist/04gDigrS5kc9YWfZHwBETP"
          },
          "href" : "https://api.spotify.com/v1/artists/04gDigrS5kc9YWfZHwBETP",
          "id" : "04gDigrS5kc9YWfZHwBETP",
          "name" : "Maroon 5",
          "type" : "artist",
          "uri" : "spotify:artist:04gDigrS5kc9YWfZHwBETP"
        } ],
        "available_markets" : [ "AD", "AR", "AT", "AU", "BE", "BG", "BO", "BR", "CA", "CH", "CL", "CO", "CR", "CY", "CZ", "DE", "DK", "DO", "EC", "EE", "ES", "FI", "FR", "GB", "GR", "GT", "HK", "HN", "HU", "ID", "IE", "IS", "IT", "JP", "LI", "LT", "LU", "LV", "MC", "MT", "MX", "MY", "NI", "NL", "NO", "NZ", "PA", "PE", "PH", "PL", "PT", "PY", "SE", "SG", "SK", "SV", "TH", "TR", "TW", "US", "UY", "VN" ],
        "disc_number" : 1,
        "duration_ms" : 259453,
        "explicit" : false,
        "external_ids" : {
          "isrc" : "USUM71204501"
        },
        "external_urls" : {
          "spotify" : "https://open.spotify.com/track/4llK75pXNWZz6KAho2Gp16"
        },
        "href" : "https://api.spotify.com/v1/tracks/4llK75pXNWZz6KAho2Gp16",
        "id" : "4llK75pXNWZz6KAho2Gp16",
        "name" : "She Will Be Loved - Radio Mix",
        "popularity" : 69,
        "preview_url" : null,
        "track_number" : 4,
        "type" : "track",
        "uri" : "spotify:track:4llK75pXNWZz6KAho2Gp16"
      }, {
        "album" : {
          "album_type" : "album",
          "artists" : [ {
            "external_urls" : {
              "spotify" : "https://open.spotify.com/artist/04gDigrS5kc9YWfZHwBETP"
            },
            "href" : "https://api.spotify.com/v1/artists/04gDigrS5kc9YWfZHwBETP",
            "id" : "04gDigrS5kc9YWfZHwBETP",
            "name" : "Maroon 5",
            "type" : "artist",
            "uri" : "spotify:artist:04gDigrS5kc9YWfZHwBETP"
          } ],
          "available_markets" : [ "AD", "AR", "AT", "AU", "BE", "BG", "BO", "BR", "CA", "CH", "CL", "CO", "CR", "CY", "CZ", "DE", "DK", "DO", "EC", "EE", "ES", "FI", "FR", "GB", "GR", "GT", "HK", "HN", "HU", "ID", "IE", "IS", "IT", "JP", "LI", "LT", "LU", "LV", "MC", "MT", "MX", "MY", "NI", "NL", "NO", "NZ", "PA", "PE", "PH", "PL", "PT", "PY", "SE", "SG", "SK", "SV", "TH", "TR", "TW", "US", "UY", "VN" ],
          "external_urls" : {
            "spotify" : "https://open.spotify.com/album/2Auw0pTT6EcQdvHNimhLQI"
          },
          "href" : "https://api.spotify.com/v1/albums/2Auw0pTT6EcQdvHNimhLQI",
          "id" : "2Auw0pTT6EcQdvHNimhLQI",
          "images" : [ {
            "height" : 640,
            "url" : "https://i.scdn.co/image/4c23a82f33b034795a0fbc67af559420c8cb4928",
            "width" : 640
          }, {
            "height" : 300,
            "url" : "https://i.scdn.co/image/44b0e6423240ed25f36f351ae043f68bb2ca3446",
            "width" : 300
          }, {
            "height" : 64,
            "url" : "https://i.scdn.co/image/2e8ff05c6f96006130bbc64ef0b42b402252ace8",
            "width" : 64
          } ],
          "name" : "V",
          "type" : "album",
          "uri" : "spotify:album:2Auw0pTT6EcQdvHNimhLQI"
        },
        "artists" : [ {
          "external_urls" : {
            "spotify" : "https://open.spotify.com/artist/04gDigrS5kc9YWfZHwBETP"
          },
          "href" : "https://api.spotify.com/v1/artists/04gDigrS5kc9YWfZHwBETP",
          "id" : "04gDigrS5kc9YWfZHwBETP",
          "name" : "Maroon 5",
          "type" : "artist",
          "uri" : "spotify:artist:04gDigrS5kc9YWfZHwBETP"
        } ],
        "available_markets" : [ "AD", "AR", "AT", "AU", "BE", "BG", "BO", "BR", "CA", "CH", "CL", "CO", "CR", "CY", "CZ", "DE", "DK", "DO", "EC", "EE", "ES", "FI", "FR", "GB", "GR", "GT", "HK", "HN", "HU", "ID", "IE", "IS", "IT", "JP", "LI", "LT", "LU", "LV", "MC", "MT", "MX", "MY", "NI", "NL", "NO", "NZ", "PA", "PE", "PH", "PL", "PT", "PY", "SE", "SG", "SK", "SV", "TH", "TR", "TW", "US", "UY", "VN" ],
        "disc_number" : 1,
        "duration_ms" : 231012,
        "explicit" : false,
        "external_ids" : {
          "isrc" : "USUM71409576"
        },
        "external_urls" : {
          "spotify" : "https://open.spotify.com/track/2bL2gyO6kBdLkNSkxXNh6x"
        },
        "href" : "https://api.spotify.com/v1/tracks/2bL2gyO6kBdLkNSkxXNh6x",
        "id" : "2bL2gyO6kBdLkNSkxXNh6x",
        "name" : "Animals",
        "popularity" : 68,
        "preview_url" : null,
        "track_number" : 2,
        "type" : "track",
        "uri" : "spotify:track:2bL2gyO6kBdLkNSkxXNh6x"
      }, {
        "album" : {
          "album_type" : "album",
          "artists" : [ {
            "external_urls" : {
              "spotify" : "https://open.spotify.com/artist/04gDigrS5kc9YWfZHwBETP"
            },
            "href" : "https://api.spotify.com/v1/artists/04gDigrS5kc9YWfZHwBETP",
            "id" : "04gDigrS5kc9YWfZHwBETP",
            "name" : "Maroon 5",
            "type" : "artist",
            "uri" : "spotify:artist:04gDigrS5kc9YWfZHwBETP"
          } ],
          "available_markets" : [ "AD", "AR", "AT", "AU", "BE", "BG", "BO", "BR", "CA", "CH", "CL", "CO", "CR", "CY", "CZ", "DE", "DK", "DO", "EC", "EE", "ES", "FI", "FR", "GB", "GR", "GT", "HK", "HN", "HU", "ID", "IE", "IS", "IT", "JP", "LI", "LT", "LU", "LV", "MC", "MT", "MX", "MY", "NI", "NL", "NO", "NZ", "PA", "PE", "PH", "PL", "PT", "PY", "SE", "SG", "SK", "SV", "TH", "TR", "TW", "US", "UY", "VN" ],
          "external_urls" : {
            "spotify" : "https://open.spotify.com/album/5zClcGCSWj926AMjvBNSLc"
          },
          "href" : "https://api.spotify.com/v1/albums/5zClcGCSWj926AMjvBNSLc",
          "id" : "5zClcGCSWj926AMjvBNSLc",
          "images" : [ {
            "height" : 640,
            "url" : "https://i.scdn.co/image/a55912da6dd0f63a6b506b70510a83999353730e",
            "width" : 640
          }, {
            "height" : 300,
            "url" : "https://i.scdn.co/image/e1c9f0ef5f1f7307096ac5e876778b2588e36f4a",
            "width" : 300
          }, {
            "height" : 64,
            "url" : "https://i.scdn.co/image/6ecbb6e0db1a5093bc58169b87beb19d2947ebdd",
            "width" : 64
          } ],
          "name" : "Songs About Jane: 10th Anniversary Edition",
          "type" : "album",
          "uri" : "spotify:album:5zClcGCSWj926AMjvBNSLc"
        },
        "artists" : [ {
          "external_urls" : {
            "spotify" : "https://open.spotify.com/artist/04gDigrS5kc9YWfZHwBETP"
          },
          "href" : "https://api.spotify.com/v1/artists/04gDigrS5kc9YWfZHwBETP",
          "id" : "04gDigrS5kc9YWfZHwBETP",
          "name" : "Maroon 5",
          "type" : "artist",
          "uri" : "spotify:artist:04gDigrS5kc9YWfZHwBETP"
        } ],
        "available_markets" : [ "AD", "AR", "AT", "AU", "BE", "BG", "BO", "BR", "CA", "CH", "CL", "CO", "CR", "CY", "CZ", "DE", "DK", "DO", "EC", "EE", "ES", "FI", "FR", "GB", "GR", "GT", "HK", "HN", "HU", "ID", "IE", "IS", "IT", "JP", "LI", "LT", "LU", "LV", "MC", "MT", "MX", "MY", "NI", "NL", "NO", "NZ", "PA", "PE", "PH", "PL", "PT", "PY", "SE", "SG", "SK", "SV", "TH", "TR", "TW", "US", "UY", "VN" ],
        "disc_number" : 1,
        "duration_ms" : 206200,
        "explicit" : false,
        "external_ids" : {
          "isrc" : "USJAY0300080"
        },
        "external_urls" : {
          "spotify" : "https://open.spotify.com/track/6ECp64rv50XVz93WvxXMGF"
        },
        "href" : "https://api.spotify.com/v1/tracks/6ECp64rv50XVz93WvxXMGF",
        "id" : "6ECp64rv50XVz93WvxXMGF",
        "name" : "This Love",
        "popularity" : 67,
        "preview_url" : null,
        "track_number" : 2,
        "type" : "track",
        "uri" : "spotify:track:6ECp64rv50XVz93WvxXMGF"
      }, {
        "album" : {
          "album_type" : "album",
          "artists" : [ {
            "external_urls" : {
              "spotify" : "https://open.spotify.com/artist/04gDigrS5kc9YWfZHwBETP"
            },
            "href" : "https://api.spotify.com/v1/artists/04gDigrS5kc9YWfZHwBETP",
            "id" : "04gDigrS5kc9YWfZHwBETP",
            "name" : "Maroon 5",
            "type" : "artist",
            "uri" : "spotify:artist:04gDigrS5kc9YWfZHwBETP"
          } ],
          "available_markets" : [ "AD", "AR", "AT", "AU", "BE", "BG", "BO", "BR", "CA", "CH", "CL", "CO", "CR", "CY", "CZ", "DE", "DK", "DO", "EC", "EE", "ES", "FI", "FR", "GB", "GR", "GT", "HK", "HN", "HU", "ID", "IE", "IS", "IT", "JP", "LI", "LT", "LU", "LV", "MC", "MT", "MX", "MY", "NI", "NL", "NO", "NZ", "PA", "PE", "PH", "PL", "PT", "PY", "SE", "SG", "SK", "SV", "TH", "TR", "TW", "US", "UY", "VN" ],
          "external_urls" : {
            "spotify" : "https://open.spotify.com/album/1Rv9WRKyYhFaGbuYDaQunN"
          },
          "href" : "https://api.spotify.com/v1/albums/1Rv9WRKyYhFaGbuYDaQunN",
          "id" : "1Rv9WRKyYhFaGbuYDaQunN",
          "images" : [ {
            "height" : 640,
            "url" : "https://i.scdn.co/image/18af1d5d4fb16668b059746b7eabadab97169e2e",
            "width" : 640
          }, {
            "height" : 300,
            "url" : "https://i.scdn.co/image/893e7f4b990c8db6e5ce0a8a35678f475d8c420c",
            "width" : 300
          }, {
            "height" : 64,
            "url" : "https://i.scdn.co/image/aa47664ba6905ea51ee79fd9e34f0f339ec3efaf",
            "width" : 64
          } ],
          "name" : "Songs About Jane",
          "type" : "album",
          "uri" : "spotify:album:1Rv9WRKyYhFaGbuYDaQunN"
        },
        "artists" : [ {
          "external_urls" : {
            "spotify" : "https://open.spotify.com/artist/04gDigrS5kc9YWfZHwBETP"
          },
          "href" : "https://api.spotify.com/v1/artists/04gDigrS5kc9YWfZHwBETP",
          "id" : "04gDigrS5kc9YWfZHwBETP",
          "name" : "Maroon 5",
          "type" : "artist",
          "uri" : "spotify:artist:04gDigrS5kc9YWfZHwBETP"
        } ],
        "available_markets" : [ "AD", "AR", "AT", "AU", "BE", "BG", "BO", "BR", "CA", "CH", "CL", "CO", "CR", "CY", "CZ", "DE", "DK", "DO", "EC", "EE", "ES", "FI", "FR", "GB", "GR", "GT", "HK", "HN", "HU", "ID", "IE", "IS", "IT", "JP", "LI", "LT", "LU", "LV", "MC", "MT", "MX", "MY", "NI", "NL", "NO", "NZ", "PA", "PE", "PH", "PL", "PT", "PY", "SE", "SG", "SK", "SV", "TH", "TR", "TW", "US", "UY", "VN" ],
        "disc_number" : 1,
        "duration_ms" : 244866,
        "explicit" : false,
        "external_ids" : {
          "isrc" : "USJAY0300086"
        },
        "external_urls" : {
          "spotify" : "https://open.spotify.com/track/1YI0uK36eupTmw9F8kHysr"
        },
        "href" : "https://api.spotify.com/v1/tracks/1YI0uK36eupTmw9F8kHysr",
        "id" : "1YI0uK36eupTmw9F8kHysr",
        "name" : "Sunday Morning",
        "popularity" : 66,
        "preview_url" : null,
        "track_number" : 8,
        "type" : "track",
        "uri" : "spotify:track:1YI0uK36eupTmw9F8kHysr"
      }, {
        "album" : {
          "album_type" : "album",
          "artists" : [ {
            "external_urls" : {
              "spotify" : "https://open.spotify.com/artist/04gDigrS5kc9YWfZHwBETP"
            },
            "href" : "https://api.spotify.com/v1/artists/04gDigrS5kc9YWfZHwBETP",
            "id" : "04gDigrS5kc9YWfZHwBETP",
            "name" : "Maroon 5",
            "type" : "artist",
            "uri" : "spotify:artist:04gDigrS5kc9YWfZHwBETP"
          } ],
          "available_markets" : [ "AD", "AR", "AT", "AU", "BE", "BG", "BO", "BR", "CA", "CH", "CL", "CO", "CR", "CY", "CZ", "DE", "DK", "DO", "EC", "EE", "ES", "FI", "FR", "GB", "GR", "GT", "HK", "HN", "HU", "ID", "IE", "IS", "IT", "JP", "LI", "LT", "LU", "LV", "MC", "MT", "MX", "MY", "NI", "NL", "NO", "NZ", "PA", "PE", "PH", "PL", "PT", "PY", "SE", "SG", "SK", "SV", "TH", "TR", "TW", "US", "UY", "VN" ],
          "external_urls" : {
            "spotify" : "https://open.spotify.com/album/1qvLKCq4Xh355Fq0VswCpH"
          },
          "href" : "https://api.spotify.com/v1/albums/1qvLKCq4Xh355Fq0VswCpH",
          "id" : "1qvLKCq4Xh355Fq0VswCpH",
          "images" : [ {
            "height" : 640,
            "url" : "https://i.scdn.co/image/c1708df58f3517698fbd3984e8f88722fdfcf8e3",
            "width" : 640
          }, {
            "height" : 300,
            "url" : "https://i.scdn.co/image/5999f26ecb81948babf8a9e5b9a905ff10622945",
            "width" : 300
          }, {
            "height" : 64,
            "url" : "https://i.scdn.co/image/ef81c0753690ea5ff192ff964b66848866f363fa",
            "width" : 64
          } ],
          "name" : "Red Pill Blues (Deluxe)",
          "type" : "album",
          "uri" : "spotify:album:1qvLKCq4Xh355Fq0VswCpH"
        },
        "artists" : [ {
          "external_urls" : {
            "spotify" : "https://open.spotify.com/artist/04gDigrS5kc9YWfZHwBETP"
          },
          "href" : "https://api.spotify.com/v1/artists/04gDigrS5kc9YWfZHwBETP",
          "id" : "04gDigrS5kc9YWfZHwBETP",
          "name" : "Maroon 5",
          "type" : "artist",
          "uri" : "spotify:artist:04gDigrS5kc9YWfZHwBETP"
        }, {
          "external_urls" : {
            "spotify" : "https://open.spotify.com/artist/13ubrt8QOOCPljQ2FL1Kca"
          },
          "href" : "https://api.spotify.com/v1/artists/13ubrt8QOOCPljQ2FL1Kca",
          "id" : "13ubrt8QOOCPljQ2FL1Kca",
          "name" : "A$AP Rocky",
          "type" : "artist",
          "uri" : "spotify:artist:13ubrt8QOOCPljQ2FL1Kca"
        } ],
        "available_markets" : [ "AD", "AR", "AT", "AU", "BE", "BG", "BO", "BR", "CA", "CH", "CL", "CO", "CR", "CY", "CZ", "DE", "DK", "DO", "EC", "EE", "ES", "FI", "FR", "GB", "GR", "GT", "HK", "HN", "HU", "ID", "IE", "IS", "IT", "JP", "LI", "LT", "LU", "LV", "MC", "MT", "MX", "MY", "NI", "NL", "NO", "NZ", "PA", "PE", "PH", "PL", "PT", "PY", "SE", "SG", "SK", "SV", "TH", "TR", "TW", "US", "UY", "VN" ],
        "disc_number" : 1,
        "duration_ms" : 210422,
        "explicit" : false,
        "external_ids" : {
          "isrc" : "USUM71710380"
        },
        "external_urls" : {
          "spotify" : "https://open.spotify.com/track/1445PpP8lZHpAqwZkL6EJw"
        },
        "href" : "https://api.spotify.com/v1/tracks/1445PpP8lZHpAqwZkL6EJw",
        "id" : "1445PpP8lZHpAqwZkL6EJw",
        "name" : "Whiskey (feat. A$AP Rocky)",
        "popularity" : 67,
        "preview_url" : null,
        "track_number" : 8,
        "type" : "track",
        "uri" : "spotify:track:1445PpP8lZHpAqwZkL6EJw"
      }, {
        "album" : {
          "album_type" : "album",
          "artists" : [ {
            "external_urls" : {
              "spotify" : "https://open.spotify.com/artist/04gDigrS5kc9YWfZHwBETP"
            },
            "href" : "https://api.spotify.com/v1/artists/04gDigrS5kc9YWfZHwBETP",
            "id" : "04gDigrS5kc9YWfZHwBETP",
            "name" : "Maroon 5",
            "type" : "artist",
            "uri" : "spotify:artist:04gDigrS5kc9YWfZHwBETP"
          } ],
          "available_markets" : [ "AD", "AR", "AT", "AU", "BE", "BG", "BO", "BR", "CA", "CH", "CL", "CO", "CR", "CY", "CZ", "DE", "DK", "DO", "EC", "EE", "ES", "FI", "FR", "GB", "GR", "GT", "HK", "HN", "HU", "ID", "IE", "IS", "IT", "JP", "LI", "LT", "LU", "LV", "MC", "MT", "MX", "MY", "NI", "NL", "NO", "NZ", "PA", "PE", "PH", "PL", "PT", "PY", "SE", "SG", "SK", "SV", "TH", "TR", "TW", "US", "UY", "VN" ],
          "external_urls" : {
            "spotify" : "https://open.spotify.com/album/7strNUlU6xZqlVWBNUdOYv"
          },
          "href" : "https://api.spotify.com/v1/albums/7strNUlU6xZqlVWBNUdOYv",
          "id" : "7strNUlU6xZqlVWBNUdOYv",
          "images" : [ {
            "height" : 600,
            "url" : "https://i.scdn.co/image/9fdc2291845d5b4970e001dc3da87ffce7e4f255",
            "width" : 600
          }, {
            "height" : 300,
            "url" : "https://i.scdn.co/image/16e1ac8080bfec1f83a99dfaf8223daa89fbce2b",
            "width" : 300
          }, {
            "height" : 64,
            "url" : "https://i.scdn.co/image/59fe88fe31ce95a07ef0d12a6673b784458d7a69",
            "width" : 64
          } ],
          "name" : "Hands All Over",
          "type" : "album",
          "uri" : "spotify:album:7strNUlU6xZqlVWBNUdOYv"
        },
        "artists" : [ {
          "external_urls" : {
            "spotify" : "https://open.spotify.com/artist/04gDigrS5kc9YWfZHwBETP"
          },
          "href" : "https://api.spotify.com/v1/artists/04gDigrS5kc9YWfZHwBETP",
          "id" : "04gDigrS5kc9YWfZHwBETP",
          "name" : "Maroon 5",
          "type" : "artist",
          "uri" : "spotify:artist:04gDigrS5kc9YWfZHwBETP"
        }, {
          "external_urls" : {
            "spotify" : "https://open.spotify.com/artist/1l7ZsJRRS8wlW3WfJfPfNS"
          },
          "href" : "https://api.spotify.com/v1/artists/1l7ZsJRRS8wlW3WfJfPfNS",
          "id" : "1l7ZsJRRS8wlW3WfJfPfNS",
          "name" : "Christina Aguilera",
          "type" : "artist",
          "uri" : "spotify:artist:1l7ZsJRRS8wlW3WfJfPfNS"
        } ],
        "available_markets" : [ "AD", "AR", "AT", "AU", "BE", "BG", "BO", "BR", "CA", "CH", "CL", "CO", "CR", "CY", "CZ", "DE", "DK", "DO", "EC", "EE", "ES", "FI", "FR", "GB", "GR", "GT", "HK", "HN", "HU", "ID", "IE", "IS", "IT", "JP", "LI", "LT", "LU", "LV", "MC", "MT", "MX", "MY", "NI", "NL", "NO", "NZ", "PA", "PE", "PH", "PL", "PT", "PY", "SE", "SG", "SK", "SV", "TH", "TR", "TW", "US", "UY", "VN" ],
        "disc_number" : 1,
        "duration_ms" : 201160,
        "explicit" : false,
        "external_ids" : {
          "isrc" : "USUM71109132"
        },
        "external_urls" : {
          "spotify" : "https://open.spotify.com/track/7LcfRTgAVTs5pQGEQgUEzN"
        },
        "href" : "https://api.spotify.com/v1/tracks/7LcfRTgAVTs5pQGEQgUEzN",
        "id" : "7LcfRTgAVTs5pQGEQgUEzN",
        "name" : "Moves Like Jagger - Studio Recording From The Voice Performance",
        "popularity" : 69,
        "preview_url" : null,
        "track_number" : 13,
        "type" : "track",
        "uri" : "spotify:track:7LcfRTgAVTs5pQGEQgUEzN"
      }, {
        "album" : {
          "album_type" : "album",
          "artists" : [ {
            "external_urls" : {
              "spotify" : "https://open.spotify.com/artist/04gDigrS5kc9YWfZHwBETP"
            },
            "href" : "https://api.spotify.com/v1/artists/04gDigrS5kc9YWfZHwBETP",
            "id" : "04gDigrS5kc9YWfZHwBETP",
            "name" : "Maroon 5",
            "type" : "artist",
            "uri" : "spotify:artist:04gDigrS5kc9YWfZHwBETP"
          } ],
          "available_markets" : [ "AD", "AR", "AT", "AU", "BE", "BG", "BO", "BR", "CA", "CH", "CL", "CO", "CR", "CY", "CZ", "DE", "DK", "DO", "EC", "EE", "ES", "FI", "FR", "GB", "GR", "GT", "HK", "HN", "HU", "ID", "IE", "IS", "IT", "JP", "LI", "LT", "LU", "LV", "MC", "MT", "MX", "MY", "NI", "NL", "NO", "NZ", "PA", "PE", "PH", "PL", "PT", "PY", "SE", "SG", "SK", "SV", "TH", "TR", "TW", "US", "UY", "VN" ],
          "external_urls" : {
            "spotify" : "https://open.spotify.com/album/5x7JzoE4A3DwwU6FPt8qws"
          },
          "href" : "https://api.spotify.com/v1/albums/5x7JzoE4A3DwwU6FPt8qws",
          "id" : "5x7JzoE4A3DwwU6FPt8qws",
          "images" : [ {
            "height" : 640,
            "url" : "https://i.scdn.co/image/5966f58ee5ba6e91c94a77031367e91d388e3c46",
            "width" : 640
          }, {
            "height" : 300,
            "url" : "https://i.scdn.co/image/0acfbf61599f57d5c8a005497a3ceb0751145d05",
            "width" : 300
          }, {
            "height" : 64,
            "url" : "https://i.scdn.co/image/773c126f178ec3a8b8b5dadb845f5600d26af2d4",
            "width" : 64
          } ],
          "name" : "Overexposed",
          "type" : "album",
          "uri" : "spotify:album:5x7JzoE4A3DwwU6FPt8qws"
        },
        "artists" : [ {
          "external_urls" : {
            "spotify" : "https://open.spotify.com/artist/04gDigrS5kc9YWfZHwBETP"
          },
          "href" : "https://api.spotify.com/v1/artists/04gDigrS5kc9YWfZHwBETP",
          "id" : "04gDigrS5kc9YWfZHwBETP",
          "name" : "Maroon 5",
          "type" : "artist",
          "uri" : "spotify:artist:04gDigrS5kc9YWfZHwBETP"
        }, {
          "external_urls" : {
            "spotify" : "https://open.spotify.com/artist/137W8MRPWKqSmrBGDBFSop"
          },
          "href" : "https://api.spotify.com/v1/artists/137W8MRPWKqSmrBGDBFSop",
          "id" : "137W8MRPWKqSmrBGDBFSop",
          "name" : "Wiz Khalifa",
          "type" : "artist",
          "uri" : "spotify:artist:137W8MRPWKqSmrBGDBFSop"
        } ],
        "available_markets" : [ "AD", "AR", "AT", "AU", "BE", "BG", "BO", "BR", "CA", "CH", "CL", "CO", "CR", "CY", "CZ", "DE", "DK", "DO", "EC", "EE", "ES", "FI", "FR", "GB", "GR", "GT", "HK", "HN", "HU", "ID", "IE", "IS", "IT", "JP", "LI", "LT", "LU", "LV", "MC", "MT", "MX", "MY", "NI", "NL", "NO", "NZ", "PA", "PE", "PH", "PL", "PT", "PY", "SE", "SG", "SK", "SV", "TH", "TR", "TW", "US", "UY", "VN" ],
        "disc_number" : 1,
        "duration_ms" : 231386,
        "explicit" : true,
        "external_ids" : {
          "isrc" : "USUM71203347"
        },
        "external_urls" : {
          "spotify" : "https://open.spotify.com/track/1LmN9SSHISbtp9LoaR5ZVJ"
        },
        "href" : "https://api.spotify.com/v1/tracks/1LmN9SSHISbtp9LoaR5ZVJ",
        "id" : "1LmN9SSHISbtp9LoaR5ZVJ",
        "name" : "Payphone",
        "popularity" : 68,
        "preview_url" : null,
        "track_number" : 2,
        "type" : "track",
        "uri" : "spotify:track:1LmN9SSHISbtp9LoaR5ZVJ"
      }, {
        "album" : {
          "album_type" : "album",
          "artists" : [ {
            "external_urls" : {
              "spotify" : "https://open.spotify.com/artist/0dEvJpkqhrcn64d3oI8v79"
            },
            "href" : "https://api.spotify.com/v1/artists/0dEvJpkqhrcn64d3oI8v79",
            "id" : "0dEvJpkqhrcn64d3oI8v79",
            "name" : "Barenaked Ladies",
            "type" : "artist",
            "uri" : "spotify:artist:0dEvJpkqhrcn64d3oI8v79"
          } ],
          "available_markets" : [ "AD", "AR", "AT", "AU", "BE", "BG", "BO", "BR", "CA", "CH", "CL", "CO", "CR", "CY", "CZ", "DE", "DK", "DO", "EC", "EE", "ES", "FI", "FR", "GB", "GR", "GT", "HK", "HN", "HU", "ID", "IE", "IS", "IT", "JP", "LI", "LT", "LU", "LV", "MC", "MT", "MX", "MY", "NI", "NL", "NO", "NZ", "PA", "PE", "PH", "PL", "PT", "PY", "SE", "SG", "SK", "SV", "TH", "TR", "TW", "US", "UY", "VN" ],
          "external_urls" : {
            "spotify" : "https://open.spotify.com/album/5LXL7uNAFSmVpdGk4xW2Mc"
          },
          "href" : "https://api.spotify.com/v1/albums/5LXL7uNAFSmVpdGk4xW2Mc",
          "id" : "5LXL7uNAFSmVpdGk4xW2Mc",
          "images" : [ {
            "height" : 640,
            "url" : "https://i.scdn.co/image/14a60b256647f64750afe420f3148492902e7124",
            "width" : 640
          }, {
            "height" : 300,
            "url" : "https://i.scdn.co/image/938305be1e50c896cf8b2b25743800e908a4daaf",
            "width" : 300
          }, {
            "height" : 64,
            "url" : "https://i.scdn.co/image/0fa7bb096069f36941583912cd7cc23f57fe5bf7",
            "width" : 64
          } ],
          "name" : "Maroon",
          "type" : "album",
          "uri" : "spotify:album:5LXL7uNAFSmVpdGk4xW2Mc"
        },
        "artists" : [ {
          "external_urls" : {
            "spotify" : "https://open.spotify.com/artist/0dEvJpkqhrcn64d3oI8v79"
          },
          "href" : "https://api.spotify.com/v1/artists/0dEvJpkqhrcn64d3oI8v79",
          "id" : "0dEvJpkqhrcn64d3oI8v79",
          "name" : "Barenaked Ladies",
          "type" : "artist",
          "uri" : "spotify:artist:0dEvJpkqhrcn64d3oI8v79"
        } ],
        "available_markets" : [ "AD", "AR", "AT", "AU", "BE", "BG", "BO", "BR", "CA", "CH", "CL", "CO", "CR", "CY", "CZ", "DE", "DK", "DO", "EC", "EE", "ES", "FI", "FR", "GB", "GR", "GT", "HK", "HN", "HU", "ID", "IE", "IS", "IT", "JP", "LI", "LT", "LU", "LV", "MC", "MT", "MX", "MY", "NI", "NL", "NO", "NZ", "PA", "PE", "PH", "PL", "PT", "PY", "SE", "SG", "SK", "SV", "TH", "TR", "TW", "US", "UY", "VN" ],
        "disc_number" : 1,
        "duration_ms" : 285160,
        "explicit" : false,
        "external_ids" : {
          "isrc" : "USRE10000774"
        },
        "external_urls" : {
          "spotify" : "https://open.spotify.com/track/2RQ3fWFZJJe4G5KkHEACww"
        },
        "href" : "https://api.spotify.com/v1/tracks/2RQ3fWFZJJe4G5KkHEACww",
        "id" : "2RQ3fWFZJJe4G5KkHEACww",
        "name" : "Pinch Me",
        "popularity" : 55,
        "preview_url" : "https://p.scdn.co/mp3-preview/e19ba3eebe30533306b04cb446a3171570c2ff7c?cid=8897482848704f2a8f8d7c79726a70d4",
        "track_number" : 3,
        "type" : "track",
        "uri" : "spotify:track:2RQ3fWFZJJe4G5KkHEACww"
      }, {
        "album" : {
          "album_type" : "album",
          "artists" : [ {
            "external_urls" : {
              "spotify" : "https://open.spotify.com/artist/04gDigrS5kc9YWfZHwBETP"
            },
            "href" : "https://api.spotify.com/v1/artists/04gDigrS5kc9YWfZHwBETP",
            "id" : "04gDigrS5kc9YWfZHwBETP",
            "name" : "Maroon 5",
            "type" : "artist",
            "uri" : "spotify:artist:04gDigrS5kc9YWfZHwBETP"
          } ],
          "available_markets" : [ "AD", "AR", "AT", "AU", "BE", "BG", "BO", "BR", "CA", "CH", "CL", "CO", "CR", "CY", "CZ", "DE", "DK", "DO", "EC", "EE", "ES", "FI", "FR", "GB", "GR", "GT", "HK", "HN", "HU", "ID", "IE", "IS", "IT", "JP", "LI", "LT", "LU", "LV", "MC", "MT", "MX", "MY", "NI", "NL", "NO", "NZ", "PA", "PE", "PH", "PL", "PT", "PY", "SE", "SG", "SK", "SV", "TH", "TR", "TW", "US", "UY", "VN" ],
          "external_urls" : {
            "spotify" : "https://open.spotify.com/album/1qvLKCq4Xh355Fq0VswCpH"
          },
          "href" : "https://api.spotify.com/v1/albums/1qvLKCq4Xh355Fq0VswCpH",
          "id" : "1qvLKCq4Xh355Fq0VswCpH",
          "images" : [ {
            "height" : 640,
            "url" : "https://i.scdn.co/image/c1708df58f3517698fbd3984e8f88722fdfcf8e3",
            "width" : 640
          }, {
            "height" : 300,
            "url" : "https://i.scdn.co/image/5999f26ecb81948babf8a9e5b9a905ff10622945",
            "width" : 300
          }, {
            "height" : 64,
            "url" : "https://i.scdn.co/image/ef81c0753690ea5ff192ff964b66848866f363fa",
            "width" : 64
          } ],
          "name" : "Red Pill Blues (Deluxe)",
          "type" : "album",
          "uri" : "spotify:album:1qvLKCq4Xh355Fq0VswCpH"
        },
        "artists" : [ {
          "external_urls" : {
            "spotify" : "https://open.spotify.com/artist/04gDigrS5kc9YWfZHwBETP"
          },
          "href" : "https://api.spotify.com/v1/artists/04gDigrS5kc9YWfZHwBETP",
          "id" : "04gDigrS5kc9YWfZHwBETP",
          "name" : "Maroon 5",
          "type" : "artist",
          "uri" : "spotify:artist:04gDigrS5kc9YWfZHwBETP"
        } ],
        "available_markets" : [ "AD", "AR", "AT", "AU", "BE", "BG", "BO", "BR", "CA", "CH", "CL", "CO", "CR", "CY", "CZ", "DE", "DK", "DO", "EC", "EE", "ES", "FI", "FR", "GB", "GR", "GT", "HK", "HN", "HU", "ID", "IE", "IS", "IT", "JP", "LI", "LT", "LU", "LV", "MC", "MT", "MX", "MY", "NI", "NL", "NO", "NZ", "PA", "PE", "PH", "PL", "PT", "PY", "SE", "SG", "SK", "SV", "TH", "TR", "TW", "US", "UY", "VN" ],
        "disc_number" : 1,
        "duration_ms" : 216930,
        "explicit" : false,
        "external_ids" : {
          "isrc" : "USUM71710375"
        },
        "external_urls" : {
          "spotify" : "https://open.spotify.com/track/0BjJ8vSAHdJhlQd3Ih6nGK"
        },
        "href" : "https://api.spotify.com/v1/tracks/0BjJ8vSAHdJhlQd3Ih6nGK",
        "id" : "0BjJ8vSAHdJhlQd3Ih6nGK",
        "name" : "Lips On You",
        "popularity" : 64,
        "preview_url" : null,
        "track_number" : 4,
        "type" : "track",
        "uri" : "spotify:track:0BjJ8vSAHdJhlQd3Ih6nGK"
      }, {
        "album" : {
          "album_type" : "album",
          "artists" : [ {
            "external_urls" : {
              "spotify" : "https://open.spotify.com/artist/04gDigrS5kc9YWfZHwBETP"
            },
            "href" : "https://api.spotify.com/v1/artists/04gDigrS5kc9YWfZHwBETP",
            "id" : "04gDigrS5kc9YWfZHwBETP",
            "name" : "Maroon 5",
            "type" : "artist",
            "uri" : "spotify:artist:04gDigrS5kc9YWfZHwBETP"
          } ],
          "available_markets" : [ "AD", "AR", "AT", "AU", "BE", "BG", "BO", "BR", "CA", "CH", "CL", "CO", "CR", "CY", "CZ", "DE", "DK", "DO", "EC", "EE", "ES", "FI", "FR", "GB", "GR", "GT", "HK", "HN", "HU", "ID", "IE", "IS", "IT", "JP", "LI", "LT", "LU", "LV", "MC", "MT", "MX", "MY", "NI", "NL", "NO", "NZ", "PA", "PE", "PH", "PL", "PT", "PY", "SE", "SG", "SK", "SV", "TH", "TR", "TW", "US", "UY", "VN" ],
          "external_urls" : {
            "spotify" : "https://open.spotify.com/album/2pjfMmH52fryXVQuWTWOgP"
          },
          "href" : "https://api.spotify.com/v1/albums/2pjfMmH52fryXVQuWTWOgP",
          "id" : "2pjfMmH52fryXVQuWTWOgP",
          "images" : [ {
            "height" : 640,
            "url" : "https://i.scdn.co/image/fd2836f8eb1be62841ae280fa30795676ab205bc",
            "width" : 640
          }, {
            "height" : 300,
            "url" : "https://i.scdn.co/image/1e47f6b9f809ee7222862bd79ebc819c0ed6ff92",
            "width" : 300
          }, {
            "height" : 64,
            "url" : "https://i.scdn.co/image/03aee0dc3d9a117ff3e77af732b049ad0505df6d",
            "width" : 64
          } ],
          "name" : "Overexposed (Deluxe)",
          "type" : "album",
          "uri" : "spotify:album:2pjfMmH52fryXVQuWTWOgP"
        },
        "artists" : [ {
          "external_urls" : {
            "spotify" : "https://open.spotify.com/artist/04gDigrS5kc9YWfZHwBETP"
          },
          "href" : "https://api.spotify.com/v1/artists/04gDigrS5kc9YWfZHwBETP",
          "id" : "04gDigrS5kc9YWfZHwBETP",
          "name" : "Maroon 5",
          "type" : "artist",
          "uri" : "spotify:artist:04gDigrS5kc9YWfZHwBETP"
        } ],
        "available_markets" : [ "AD", "AR", "AT", "AU", "BE", "BG", "BO", "BR", "CA", "CH", "CL", "CO", "CR", "CY", "CZ", "DE", "DK", "DO", "EC", "EE", "ES", "FI", "FR", "GB", "GR", "GT", "HK", "HN", "HU", "ID", "IE", "IS", "IT", "JP", "LI", "LT", "LU", "LV", "MC", "MT", "MX", "MY", "NI", "NL", "NO", "NZ", "PA", "PE", "PH", "PL", "PT", "PY", "SE", "SG", "SK", "SV", "TH", "TR", "TW", "US", "UY", "VN" ],
        "disc_number" : 1,
        "duration_ms" : 219466,
        "explicit" : false,
        "external_ids" : {
          "isrc" : "USUM71203514"
        },
        "external_urls" : {
          "spotify" : "https://open.spotify.com/track/4XNrMwGx1SqP01sqkGTDmo"
        },
        "href" : "https://api.spotify.com/v1/tracks/4XNrMwGx1SqP01sqkGTDmo",
        "id" : "4XNrMwGx1SqP01sqkGTDmo",
        "name" : "One More Night",
        "popularity" : 64,
        "preview_url" : null,
        "track_number" : 1,
        "type" : "track",
        "uri" : "spotify:track:4XNrMwGx1SqP01sqkGTDmo"
      }, {
        "album" : {
          "album_type" : "album",
          "artists" : [ {
            "external_urls" : {
              "spotify" : "https://open.spotify.com/artist/04gDigrS5kc9YWfZHwBETP"
            },
            "href" : "https://api.spotify.com/v1/artists/04gDigrS5kc9YWfZHwBETP",
            "id" : "04gDigrS5kc9YWfZHwBETP",
            "name" : "Maroon 5",
            "type" : "artist",
            "uri" : "spotify:artist:04gDigrS5kc9YWfZHwBETP"
          } ],
          "available_markets" : [ "AD", "AR", "AT", "AU", "BE", "BG", "BO", "BR", "CA", "CH", "CL", "CO", "CR", "CY", "CZ", "DE", "DK", "DO", "EC", "EE", "ES", "FI", "FR", "GB", "GR", "GT", "HK", "HN", "HU", "ID", "IE", "IS", "IT", "JP", "LI", "LT", "LU", "LV", "MC", "MT", "MX", "MY", "NI", "NL", "NO", "NZ", "PA", "PE", "PH", "PL", "PT", "PY", "SE", "SG", "SK", "SV", "TH", "TR", "TW", "US", "UY", "VN" ],
          "external_urls" : {
            "spotify" : "https://open.spotify.com/album/1qvLKCq4Xh355Fq0VswCpH"
          },
          "href" : "https://api.spotify.com/v1/albums/1qvLKCq4Xh355Fq0VswCpH",
          "id" : "1qvLKCq4Xh355Fq0VswCpH",
          "images" : [ {
            "height" : 640,
            "url" : "https://i.scdn.co/image/c1708df58f3517698fbd3984e8f88722fdfcf8e3",
            "width" : 640
          }, {
            "height" : 300,
            "url" : "https://i.scdn.co/image/5999f26ecb81948babf8a9e5b9a905ff10622945",
            "width" : 300
          }, {
            "height" : 64,
            "url" : "https://i.scdn.co/image/ef81c0753690ea5ff192ff964b66848866f363fa",
            "width" : 64
          } ],
          "name" : "Red Pill Blues (Deluxe)",
          "type" : "album",
          "uri" : "spotify:album:1qvLKCq4Xh355Fq0VswCpH"
        },
        "artists" : [ {
          "external_urls" : {
            "spotify" : "https://open.spotify.com/artist/04gDigrS5kc9YWfZHwBETP"
          },
          "href" : "https://api.spotify.com/v1/artists/04gDigrS5kc9YWfZHwBETP",
          "id" : "04gDigrS5kc9YWfZHwBETP",
          "name" : "Maroon 5",
          "type" : "artist",
          "uri" : "spotify:artist:04gDigrS5kc9YWfZHwBETP"
        } ],
        "available_markets" : [ "AD", "AR", "AT", "AU", "BE", "BG", "BO", "BR", "CA", "CH", "CL", "CO", "CR", "CY", "CZ", "DE", "DK", "DO", "EC", "EE", "ES", "FI", "FR", "GB", "GR", "GT", "HK", "HN", "HU", "ID", "IE", "IS", "IT", "JP", "LI", "LT", "LU", "LV", "MC", "MT", "MX", "MY", "NI", "NL", "NO", "NZ", "PA", "PE", "PH", "PL", "PT", "PY", "SE", "SG", "SK", "SV", "TH", "TR", "TW", "US", "UY", "VN" ],
        "disc_number" : 1,
        "duration_ms" : 215229,
        "explicit" : false,
        "external_ids" : {
          "isrc" : "USUM71710831"
        },
        "external_urls" : {
          "spotify" : "https://open.spotify.com/track/306akccFCc6D29uDoBDt7t"
        },
        "href" : "https://api.spotify.com/v1/tracks/306akccFCc6D29uDoBDt7t",
        "id" : "306akccFCc6D29uDoBDt7t",
        "name" : "Girls Like You",
        "popularity" : 62,
        "preview_url" : null,
        "track_number" : 9,
        "type" : "track",
        "uri" : "spotify:track:306akccFCc6D29uDoBDt7t"
      }, {
        "album" : {
          "album_type" : "album",
          "artists" : [ {
            "external_urls" : {
              "spotify" : "https://open.spotify.com/artist/04gDigrS5kc9YWfZHwBETP"
            },
            "href" : "https://api.spotify.com/v1/artists/04gDigrS5kc9YWfZHwBETP",
            "id" : "04gDigrS5kc9YWfZHwBETP",
            "name" : "Maroon 5",
            "type" : "artist",
            "uri" : "spotify:artist:04gDigrS5kc9YWfZHwBETP"
          } ],
          "available_markets" : [ "AD", "AR", "AT", "AU", "BE", "BG", "BO", "BR", "CA", "CH", "CL", "CO", "CR", "CY", "CZ", "DE", "DK", "DO", "EC", "EE", "ES", "FI", "FR", "GB", "GR", "GT", "HK", "HN", "HU", "ID", "IE", "IS", "IT", "JP", "LI", "LT", "LU", "LV", "MC", "MT", "MX", "MY", "NI", "NL", "NO", "NZ", "PA", "PE", "PH", "PL", "PT", "PY", "SE", "SG", "SK", "SV", "TH", "TR", "TW", "US", "UY", "VN" ],
          "external_urls" : {
            "spotify" : "https://open.spotify.com/album/29hJ8AFYZU98OzenrMr6iU"
          },
          "href" : "https://api.spotify.com/v1/albums/29hJ8AFYZU98OzenrMr6iU",
          "id" : "29hJ8AFYZU98OzenrMr6iU",
          "images" : [ {
            "height" : 640,
            "url" : "https://i.scdn.co/image/67f506acec8b49ca4d2cebc3812e4376f95e5eed",
            "width" : 640
          }, {
            "height" : 300,
            "url" : "https://i.scdn.co/image/97e2eca10b6eb03c1a96ec816e040de278592c0c",
            "width" : 300
          }, {
            "height" : 64,
            "url" : "https://i.scdn.co/image/4c236cac0787b456d8c82d1d7f70ba661f894aaf",
            "width" : 64
          } ],
          "name" : "It Won't Be Soon Before Long.",
          "type" : "album",
          "uri" : "spotify:album:29hJ8AFYZU98OzenrMr6iU"
        },
        "artists" : [ {
          "external_urls" : {
            "spotify" : "https://open.spotify.com/artist/04gDigrS5kc9YWfZHwBETP"
          },
          "href" : "https://api.spotify.com/v1/artists/04gDigrS5kc9YWfZHwBETP",
          "id" : "04gDigrS5kc9YWfZHwBETP",
          "name" : "Maroon 5",
          "type" : "artist",
          "uri" : "spotify:artist:04gDigrS5kc9YWfZHwBETP"
        } ],
        "available_markets" : [ "AD", "AR", "AT", "AU", "BE", "BG", "BO", "BR", "CA", "CH", "CL", "CO", "CR", "CY", "CZ", "DE", "DK", "DO", "EC", "EE", "ES", "FI", "FR", "GB", "GR", "GT", "HK", "HN", "HU", "ID", "IE", "IS", "IT", "JP", "LI", "LT", "LU", "LV", "MC", "MT", "MX", "MY", "NI", "NL", "NO", "NZ", "PA", "PE", "PH", "PL", "PT", "PY", "SE", "SG", "SK", "SV", "TH", "TR", "TW", "US", "UY", "VN" ],
        "disc_number" : 1,
        "duration_ms" : 231173,
        "explicit" : false,
        "external_ids" : {
          "isrc" : "USUM70731562"
        },
        "external_urls" : {
          "spotify" : "https://open.spotify.com/track/0tuyEYTaqLxE41yGHSsXjy"
        },
        "href" : "https://api.spotify.com/v1/tracks/0tuyEYTaqLxE41yGHSsXjy",
        "id" : "0tuyEYTaqLxE41yGHSsXjy",
        "name" : "Won't Go Home Without You",
        "popularity" : 61,
        "preview_url" : null,
        "track_number" : 5,
        "type" : "track",
        "uri" : "spotify:track:0tuyEYTaqLxE41yGHSsXjy"
      } ],
      "limit" : 20,
      "next" : "https://api.spotify.com/v1/search?query=Maroon&type=track&market=US&offset=20&limit=20",
      "offset" : 0,
      "previous" : null,
      "total" : 4377
    }
  }